{
  "1": {
    "contrast": { "r": -0.135, "g": -0.147, "b": -0.088 },
    "covariance_matrix": [
      [0.0003020513204080249, -3.607299804218678e-5, -7.712923753892905e-5],
      [-3.607299804218688e-5, 0.00017972030981465282, 6.59274381697366e-5],
      [-7.712923753892905e-5, 6.59274381697366e-5, 0.00023292820845650415]
    ],
    "color_radius": { "r": 0.06, "g": 0.06, "b": 0.1 }
  },
  "4": {
    "contrast": { "r": -0.433, "g": -0.473, "b": -0.325 },
    "covariance_matrix": [
      [0.0011299881146151825, -7.872671719060524e-6, -0.00035083866510121923],
      [-7.872671719060147e-6, 0.00012517792263103594, 5.916038956487744e-5],
      [-0.00035083866510121923, 5.916038956487744e-5, 0.00026541211695715915]
    ],
    "color_radius": { "r": 0.06, "g": 0.06, "b": 0.1 }
  },
  "2": {
    "contrast": { "r": -0.245, "g": -0.269, "b": -0.182 },
    "covariance_matrix": [
      [0.0006400488149863998, -5.6862432510026524e-5, -0.0002186836738535939],
      [-5.6862432510026246e-5, 0.0001837664010597852, 0.00010230058588460599],
      [-0.0002186836738535939, 0.00010230058588460599, 0.00030059668050460675]
    ],
    "color_radius": { "r": 0.06, "g": 0.06, "b": 0.1 }
  },
  "6": {
    "contrast": { "r": -0.578, "g": -0.629, "b": -0.432 },
    "covariance_matrix": [
      [0.0015121110151211398, 4.2687662667328284e-5, -0.0003592715469625431],
      [4.268766266732874e-5, 0.0001143379582532132, 5.622211500054336e-5],
      [-0.00035927154696254306, 5.622211500054336e-5, 0.00023155919084860035]
    ],
    "color_radius": { "r": 0.06, "g": 0.06, "b": 0.1 }
  },
  "3": {
    "contrast": { "r": -0.348, "g": -0.379, "b": -0.253 },
    "covariance_matrix": [
      [0.0008865463592197587, -2.257357804779632e-6, -0.0002654314428955527],
      [-2.2573578047801982e-6, 0.00012865613000326534, 4.314402856464516e-5],
      [-0.0002654314428955527, 4.314402856464516e-5, 0.0002394675019317176]
    ],
    "color_radius": { "r": 0.06, "g": 0.06, "b": 0.1 }
  },
  "5": {
    "contrast": { "r": -0.514, "g": -0.558, "b": -0.377 },
    "covariance_matrix": [
      [0.0008812128676241945, 6.7140907808607394e-6, -0.00024619783981774917],
      [6.714090780861119e-6, 0.00010844781334524212, 4.5034118713109834e-5],
      [-0.00024619783981774917, 4.5034118713109834e-5, 0.00020812356070782715]
    ],
    "color_radius": { "r": 0.06, "g": 0.06, "b": 0.1 }
  }
}
