{
  "1": {
    "contrast": { "r": -0.14, "g": -0.147, "b": -0.082 },
    "covariance_matrix": [
      [0.00021055062487399748, 1.1360103615333713e-5, -3.034619341856819e-5],
      [1.1360103615333656e-5, 0.00012999871734429338, 3.618541398096654e-5],
      [-3.034619341856819e-5, 3.618541398096654e-5, 0.0001742898108892542]
    ],
    "color_radius": { "r": 0.06, "g": 0.06, "b": 0.1 }
  },
  "4": {
    "contrast": { "r": -0.445, "g": -0.474, "b": -0.294 },
    "covariance_matrix": [
      [0.00038801276944985363, 2.8057973123870367e-5, -9.490145533857448e-5],
      [2.805797312387087e-5, 9.0433036546776e-5, 3.7247743937559624e-5],
      [-9.490145533857448e-5, 3.7247743937559624e-5, 0.00015706810418494272]
    ],
    "color_radius": { "r": 0.06, "g": 0.06, "b": 0.1 }
  },
  "6": {
    "contrast": { "r": -0.589, "g": -0.624, "b": -0.389 },
    "covariance_matrix": [
      [0.0005700781359309043, 9.98648469796752e-5, -8.40407459937464e-5],
      [9.986484697968732e-5, 0.00010862828065477903, 4.1458684313195406e-5],
      [-8.404074599374642e-5, 4.14586843131954e-5, 0.00015706308987848875]
    ],
    "color_radius": { "r": 0.06, "g": 0.06, "b": 0.1 }
  },
  "5": {
    "contrast": { "r": -0.517, "g": -0.556, "b": -0.362 },
    "covariance_matrix": [
      [0.0004415304853887381, 9.490884089203792e-5, -4.485748200885842e-5],
      [9.490884089204407e-5, 0.00010995251634582049, 4.3306491691577646e-5],
      [-4.485748200885842e-5, 4.3306491691577646e-5, 0.00015540548952972983]
    ],
    "color_radius": { "r": 0.06, "g": 0.06, "b": 0.1 }
  },
  "3": {
    "contrast": { "r": -0.352, "g": -0.378, "b": -0.235 },
    "covariance_matrix": [
      [0.0003393641236817343, 4.68662897440057e-5, -5.1286695468102964e-5],
      [4.686628974400308e-5, 9.997817697272231e-5, 2.823968372742824e-5],
      [-5.1286695468103005e-5, 2.823968372742824e-5, 0.00014521898750143782]
    ],
    "color_radius": { "r": 0.06, "g": 0.06, "b": 0.1 }
  },
  "2": {
    "contrast": { "r": -0.251, "g": -0.269, "b": -0.165 },
    "covariance_matrix": [
      [0.00023431961581738502, 3.24749708602669e-5, -2.009610357947311e-5],
      [3.247497086026596e-5, 0.00012355204232143032, 4.071118590609811e-5],
      [-2.0096103579473105e-5, 4.071118590609811e-5, 0.00016314163193235725]
    ],
    "color_radius": { "r": 0.06, "g": 0.06, "b": 0.1 }
  }
}
