{
  "1": {
    "contrast": { "r": -0.136, "g": -0.119, "b": -0.031 },
    "covariance_matrix": [
      [0.00013670236837267925, 3.38561129575869e-5, 1.2422727114294343e-5],
      [3.385611295758696e-5, 0.00015212056996244104, 3.168751613415872e-5],
      [1.2422727114294346e-5, 3.1687516134158724e-5, 0.00020463864230528008]
    ],
    "color_radius": { "r": 0.06, "g": 0.06, "b": 0.1 }
  },
  "5": {
    "contrast": { "r": -0.519, "g": -0.474, "b": -0.192 },
    "covariance_matrix": [
      [0.0002895210697063795, 0.0001974848066621301, 7.850517059831234e-5],
      [0.00019748480666213227, 0.0002774324819504583, 0.00011045199603916681],
      [7.850517059831234e-5, 0.00011045199603916681, 0.00015779126313199564]
    ],
    "color_radius": { "r": 0.06, "g": 0.06, "b": 0.1 }
  },
  "2": {
    "contrast": { "r": -0.251, "g": -0.228, "b": -0.086 },
    "covariance_matrix": [
      [0.00019161212773524534, 9.588308606988033e-5, 4.605736137150732e-5],
      [9.588308606988125e-5, 0.00019420633153213575, 7.039031233184613e-5],
      [4.6057361371507326e-5, 7.039031233184612e-5, 0.00019582125480033195]
    ],
    "color_radius": { "r": 0.06, "g": 0.06, "b": 0.1 }
  },
  "4": {
    "contrast": { "r": -0.444, "g": -0.405, "b": -0.166 },
    "covariance_matrix": [
      [0.00013775549574322797, 6.091867229347551e-5, 2.0890847173136044e-5],
      [6.091867229348338e-5, 0.000137215569576251, 4.176707399128141e-5],
      [2.0890847173136037e-5, 4.176707399128144e-5, 0.0001345277306768337]
    ],
    "color_radius": { "r": 0.06, "g": 0.06, "b": 0.1 }
  },
  "3": {
    "contrast": { "r": -0.355, "g": -0.327, "b": -0.133 },
    "covariance_matrix": [
      [0.00023054873066560768, 0.00011858235494825937, 4.0638415945893254e-5],
      [0.00011858235494826379, 0.00018104992196100984, 5.55890920488964e-5],
      [4.0638415945893254e-5, 5.55890920488964e-5, 0.00015341230154283363]
    ],
    "color_radius": { "r": 0.06, "g": 0.06, "b": 0.1 }
  },
  "6": {
    "contrast": { "r": -0.581, "g": -0.528, "b": -0.21 },
    "covariance_matrix": [
      [0.0001537551116189237, 7.113907077039621e-5, 1.947570472012458e-5],
      [7.113907077039857e-5, 0.00012184465597283919, 2.7581497281513787e-5],
      [1.9475704720124577e-5, 2.7581497281513794e-5, 8.353951137776542e-5]
    ],
    "color_radius": { "r": 0.06, "g": 0.06, "b": 0.1 }
  }
}
