{
  "1": {
    "contrast": { "r": -0.137, "g": -0.147, "b": -0.084 },
    "covariance_matrix": [
      [0.00035727960915938467, -1.0671212309566546e-5, -9.314983977638854e-5],
      [-1.0671212309566319e-5, 0.0001871814455109034, 6.247246213099476e-5],
      [-9.314983977638854e-5, 6.247246213099476e-5, 0.00024553257192858535]
    ],
    "color_radius": { "r": 0.06, "g": 0.06, "b": 0.1 }
  },
  "3": {
    "contrast": { "r": -0.35, "g": -0.377, "b": -0.244 },
    "covariance_matrix": [
      [0.0011706648230537548, 0.00010588022554310177, -0.00032468192927421585],
      [0.00010588022554310128, 0.00015827432820529058, 1.6304414379388996e-5],
      [-0.00032468192927421585, 1.6304414379388996e-5, 0.0002523569856479242]
    ],
    "color_radius": { "r": 0.06, "g": 0.06, "b": 0.1 }
  },
  "4": {
    "contrast": { "r": -0.435, "g": -0.472, "b": -0.318 },
    "covariance_matrix": [
      [0.0014087625427198801, 7.359944164747307e-5, -0.00039308732256216456],
      [7.359944164747301e-5, 0.00013374146672781627, 3.571850039642655e-5],
      [-0.00039308732256216456, 3.571850039642655e-5, 0.000265076802265554]
    ],
    "color_radius": { "r": 0.06, "g": 0.06, "b": 0.1 }
  },
  "2": {
    "contrast": { "r": -0.248, "g": -0.269, "b": -0.173 },
    "covariance_matrix": [
      [0.0009138199455973671, -2.0079330348521794e-5, -0.0002963021760171997],
      [-2.0079330348522045e-5, 0.00018126063038682175, 8.420117568135648e-5],
      [-0.0002963021760171997, 8.420117568135648e-5, 0.0003188338046467949]
    ],
    "color_radius": { "r": 0.06, "g": 0.06, "b": 0.1 }
  }
}
