{
  "1": {
    "contrast": { "r": -0.139, "g": -0.149, "b": -0.086 },
    "covariance_matrix": [
      [0.0007102439444390316, 9.397295934002836e-5, 6.0128340371724774e-5],
      [9.397295934002948e-5, 0.0002902455534736663, 8.694135162939282e-5],
      [6.012834037172476e-5, 8.694135162939282e-5, 0.00033916419469594836]
    ],
    "color_radius": { "r": 0.06, "g": 0.06, "b": 0.1 }
  },
  "5": {
    "contrast": { "r": -0.515, "g": -0.558, "b": -0.371 },
    "covariance_matrix": [
      [0.0006053842946970177, 6.953462019604524e-5, 1.4196569625245167e-5],
      [6.953462019604482e-5, 0.00019367520064643065, 3.2374775490185046e-5],
      [1.4196569625245167e-5, 3.2374775490185046e-5, 0.00021833072348232681]
    ],
    "color_radius": { "r": 0.06, "g": 0.06, "b": 0.1 }
  },
  "2": {
    "contrast": { "r": -0.248, "g": -0.27, "b": -0.171 },
    "covariance_matrix": [
      [0.001032147715783111, 0.00022452468321343134, 0.0001563854823420174],
      [0.00022452468321343142, 0.0004792351865951367, 0.0002556162283991578],
      [0.0001563854823420174, 0.0002556162283991578, 0.0005107043838079238]
    ],
    "color_radius": { "r": 0.06, "g": 0.06, "b": 0.1 }
  },
  "3": {
    "contrast": { "r": -0.35, "g": -0.379, "b": -0.243 },
    "covariance_matrix": [
      [0.0006689262372861471, 7.942027288349455e-5, 4.778239310945448e-5],
      [7.942027288350008e-5, 0.00027501161137852964, 9.688620851215007e-5],
      [4.778239310945448e-5, 9.688620851215007e-5, 0.0003317832853071606]
    ],
    "color_radius": { "r": 0.06, "g": 0.06, "b": 0.1 }
  },
  "4": {
    "contrast": { "r": -0.44, "g": -0.474, "b": -0.309 },
    "covariance_matrix": [
      [0.0009336695913832393, 0.0001681014108953384, 6.965334741681849e-5],
      [0.00016810141089534247, 0.00028340915547202125, 9.347127401272977e-5],
      [6.965334741681849e-5, 9.347127401272977e-5, 0.00031437427806657966]
    ],
    "color_radius": { "r": 0.06, "g": 0.06, "b": 0.1 }
  }
}
