{
  "2": {
    "contrast": { "r": -0.695, "g": -0.784, "b": -0.779 },
    "covariance_matrix": [
      [0.0016834321772428633, 0.00021587417191366683, -9.943399956730142e-5],
      [0.00021587417191366474, 0.0001269960380746151, 6.29803125162325e-5],
      [-9.943399956730143e-5, 6.29803125162325e-5, 0.00015670646682783697]
    ],
    "color_radius": { "r": 0.06, "g": 0.06, "b": 0.1 }
  },
  "1": {
    "contrast": { "r": -0.422, "g": -0.493, "b": -0.571 },
    "covariance_matrix": [
      [0.0009894908968698219, 0.00012613949144117738, 2.932438166604862e-5],
      [0.00012613949144117656, 0.0002551432892492872, 0.000198160481037197],
      [2.9324381666048625e-5, 0.000198160481037197, 0.00033607957541063025]
    ],
    "color_radius": { "r": 0.06, "g": 0.06, "b": 0.1 }
  }
}
