{
  "1": {
    "contrast": { "r": -0.421, "g": -0.494, "b": -0.579 },
    "covariance_matrix": [
      [0.0008598634200564927, 6.764427285939486e-5, -2.388206627282906e-5],
      [6.764427285939533e-5, 0.00017330366857379415, 0.00012598238266531116],
      [-2.388206627282906e-5, 0.0001259823826653111, 0.00025581984229899467]
    ],
    "color_radius": { "r": 0.06, "g": 0.06, "b": 0.1 }
  },
  "2": {
    "contrast": { "r": -0.695, "g": -0.789, "b": -0.799 },
    "covariance_matrix": [
      [0.0008215003270761627, 0.00014386097180996512, -2.6511760632385027e-5],
      [0.00014386097180996366, 9.14823265534315e-5, 3.587291983912755e-5],
      [-2.6511760632385027e-5, 3.587291983912755e-5, 9.85980142076157e-5]
    ],
    "color_radius": { "r": 0.06, "g": 0.06, "b": 0.1 }
  }
}
